Customer Name,Product No
"[CB] Corner Bead - paper faced, 10'",37506
"[T35820] 3-5/8"" 20ga Track, 10'",264033
"[S35820] 3-5/8"" 20ga Stud",261033
"[T35820SLOTTED] 3-5/8"" 20ga Slotted track, 10'",76033
"[T620] 6"" 20ga Track, 10'",264063
"[S620] 6"" 20ga Stud",261063
"[T620] 6"" 20ga Track, 10'",76063
"[T15820] 1-5/8"" 20ga Track, 10'",264013
"[S15820] 1-5/8"" 20ga Stud",261013
"[T15820] 1-5/8"" 20ga Track, 10'",266013
"[CH21220] 2-1/2"" 20ga CH-Stud",43253
"[JT21220] 2-1/2"" 20ga J-Runner, 10'",94132
"[FS620] 6"" 20 ga. Flat Stock, 10'",50063
"[BDCHZ] Corner Bead Horizontal - paper faced, 8'",37506
"[T35818SLOTTED] 3-5/8"" 18ga Slotted Track, 10'",75035
"[T35818] 3-5/8"" 18ga Track, 10'",80035
"[S35818] 3-5/8"" 18ga Stud, 21'",15035
"[T618] 6"" 18ga Track, 10'",80065
"[S618] 6"" 18ga Stud",15065
"[BLACKIRON] CRC Galv 1-1/2"" 16 Ga Horizontal, 10'",30026
"[T618CLG] 6"" 18ga Track @ clg framing, 10'",80065
"[S618CLG] 6"" 18ga Stud @ ceilings, 8'",15065
"[CH620] 6"" 20ga CH-Stud",43063
"[JT620] 6"" 20ga J-Runner, 10'",94134
"[T618SLOTTED] 6"" 18ga Slotted Track, 10'",75065
